Book Id,Title,Author,Author l-f,Additional Authors,ISBN,ISBN13,My Rating,Average Rating,Publisher,Binding,Number of Pages,Year Published,Original Publication Year,Date Read,Date Added,Bookshelves,Bookshelves with positions,Exclusive Shelf,My Review,Spoiler,Private Notes,Read Count,Owned Copies
18373,Flowers for Algernon,Daniel Keyes,"Keyes, Daniel",,"=""015603008X""","=""9780156030083""",0,4.24,Harvest Books,Paperback,311,2004,1966,,2026/03/27,to-read,to-read (#104),to-read,,,,0,0
117833,The Master and Margarita,Mikhail Bulgakov,"Bulgakov, Mikhail","Diana Lewis Burgin, Katherine Tiernan O'Connor, Ellendea Proffer, Hans Fronius, Михаил Булгаков","=""0679760806""","=""9780679760801""",0,4.28,Vintage International,Paperback,372,1996,1967,,2026/03/27,to-read,to-read (#103),to-read,,,,0,0
41716919,"Jade War (The Green Bone Saga, #2)",Fonda Lee,"Lee, Fonda",,"=""0316440922""","=""9780316440929""",4,4.38,Orbit,Hardcover,587,2019,2019,2026/03/17,2026/03/26,,,read,,,,1,0
51057191,"Jade Legacy (The Green Bone Saga, #3)",Fonda Lee,"Lee, Fonda",,"=""035651059X""","=""9780356510590""",5,4.62,Orbit,Paperback,713,2021,2021,2026/03/26,2026/03/17,,,read,,,,1,0
13586277,Puzzlecraft: The Ultimate Guide on How to Construct Every Kind of Puzzle,Mike Selinker,"Selinker, Mike",Thomas Snyder,"=""1402779240""","=""9781402779244""",0,4.05,Puzzlewright,Spiral-bound,192,2013,2012,,2026/03/16,to-read,to-read (#102),to-read,,,,0,0
25485883,The Puzzle Universe: The History of Math in 315 Puzzles,Ivan Moscovich,"Moscovich, Ivan",,"=""1770854754""","=""9781770854758""",0,4.13,Firefly Books Ltd. ,Hardcover,396,2015,2015,,2026/03/16,to-read,to-read (#101),to-read,,,,0,0
678521,The Lady or the Tiger? And Other Logic Puzzles,Raymond M. Smullyan,"Smullyan, Raymond M.",,"=""0812921178""","=""9780812921175""",0,3.96,Random House Puzzles & Games,Paperback,226,1992,1982,,2026/03/16,to-read,to-read (#100),to-read,,,,0,0
105329,Aha! Gotcha: Paradoxes to Puzzle & Delight (Tools for Transformation),Martin Gardner,"Gardner, Martin",Brenn Lea Pearson,"=""0716713616""","=""9780716713616""",0,4.12,W H Freeman & Co,Paperback,164,1982,1975,,2026/03/16,to-read,to-read (#99),to-read,,,,0,0
493576,What Is the Name of This Book?,Raymond M. Smullyan,"Smullyan, Raymond M.",,"=""0671628321""","=""9780671628321""",0,4.24,Touchstone,Paperback,256,1986,1978,,2026/03/16,to-read,to-read (#98),to-read,,,,0,0
33833056,The Count Of Montre Cristo,Alexandre Dumas,"Dumas, Alexandre",,"=""""","=""""",0,4.33,Alexandre Dumas,Kindle Edition,1328,2017,1844,,2026/02/24,to-read,to-read (#97),to-read,,,,0,0
83817782,Determined: A Science of Life without Free Will,Robert M. Sapolsky,"Sapolsky, Robert M.",,"=""0525560971""","=""9780525560975""",0,4.23,Penguin Press,Hardcover,528,2023,2023,,2026/02/19,to-read,to-read (#96),to-read,,,,0,0
49455,Notes from Underground,Fyodor Dostoevsky,"Dostoevsky, Fyodor","Richard Pevear, Larissa Volokhonsky, Donald Fanger","=""067973452X""","=""9780679734529""",0,4.17,Vintage Classics,Paperback,136,1994,1864,,2026/02/10,to-read,to-read (#95),to-read,,,,0,0
25986929,"Goodnight Punpun Omnibus, Vol. 1",Inio Asano,"Asano, Inio",,"=""1421586207""","=""9781421586205""",3,4.26,VIZ Media LLC,Paperback,426,2016,2006,2026/02/07,2026/01/25,,,read,,,,1,0
43587154,"Jade City (The Green Bone Saga, #1)",Fonda Lee,"Lee, Fonda",,"=""0316440884""","=""9780316440882""",4,4.06,Orbit,Paperback,540,2018,2017,2026/01/25,2025/07/10,,,read,,,,1,0
83674,The Bridges of Madison County,Robert James Waller,"Waller, Robert James",,"=""0446364495""","=""9780446364492""",3,3.72,Grand Central Publishing,Mass Market Paperback,182,1995,1992,2022/11/16,2022/11/15,,,read,,,,1,0
149167500,Prim i gruixut: Argumentació moral adreçada a propis i a estranys,Michael Walzer,"Walzer, Michael","Jordi Graupera, Helena Lamuela",="="8412574788"",="="9788412574784"",3,3.25,Edicions Sidillà SL,Paperback,0,2023,1994,2024/04/30,2023/07/12,,,read,,,,1,0
14650649,Claraboya,José Saramago,"Saramago, José",,"=""6071117224""","=""9786071117229""",3,3.91,Alfaguara,Paperback,417,2012,2011,2022/09/08,2022/09/08,,,read,,,,1,0
176444106,Abundance,Ezra Klein,"Klein, Ezra",Derek   Thompson,"=""1668023482""","=""9781668023488""",3,3.92,Avid Reader Press / Simon & Schuster,Hardcover,304,2025,2025,2026/01/18,2025/05/05,,,read,,,,1,0
60715378,Designing Machine Learning Systems: An Iterative Process for Production-Ready Applications,Chip Huyen,"Huyen, Chip",,"=""1098107969""","=""9781098107963""",4,4.45,O'Reilly,Paperback,368,2022,2022,2026/01/17,2026/01/18,,,read,,,,1,0
216670080,Strange Pictures,Uketsu,"Uketsu, Uketsu",Jim Rion,"=""0063433087""","=""9780063433083""",0,3.93,HarperVia,Paperback,236,2025,2022,,2026/01/13,to-read,to-read (#94),to-read,,,,0,0
56791389,"Dungeon Crawler Carl (Dungeon Crawler Carl, #1)",Matt Dinniman,"Dinniman, Matt",,"=""""","=""""",0,4.48,Dandy House,Kindle Edition,464,2020,2020,,2025/12/31,to-read,to-read (#93),to-read,,,,0,0
29588376,"The Lies of Locke Lamora (Gentleman Bastard, #1)",Scott Lynch,"Lynch, Scott",,"=""""","=""""",0,4.30,Spectra,Kindle Edition,752,2016,2006,,2025/12/31,to-read,to-read (#92),to-read,,,,0,0
5015,Saturday,Ian McEwan,"McEwan, Ian",,"=""1400076196""","=""9781400076192""",0,3.64,Anchor,Paperback,289,2006,2005,,2025/12/25,to-read,to-read (#91),to-read,,,,0,0
8034188,Where Good Ideas Come From: The Natural History of Innovation,Steven Johnson,"Johnson, Steven",,"=""1594487715""","=""9781594487712""",3,3.99,Riverhead Books,Hardcover,326,2010,2010,2021/08/08,2021/08/08,,,read,,,,1,0
7743175,"A Memory of Light (The Wheel of Time, #14)",Robert Jordan,"Jordan, Robert",Brandon Sanderson,"=""0765325950""","=""9780765325952""",5,4.58,Tor Books,Hardcover,912,2013,2013,2025/12/20,2025/12/19,,,read,,,,1,0
2190742,The Reluctant Dragon,Kenneth Grahame,"Grahame, Kenneth",Ernest H. Shepard,"=""082340093X""","=""9780823400935""",0,3.95,Holiday House,Hardcover,58,1938,1898,,2025/12/06,to-read,to-read (#90),to-read,,,,0,0
75665931,The Maniac,Benjamín Labatut,"Labatut, Benjamín",,"=""0593654471""","=""9780593654477""",0,4.33,Penguin Press,Hardcover,368,2023,2023,,2025/12/05,to-read,to-read (#89),to-read,,,,0,0
41795733,Range: Why Generalists Triumph in a Specialized World,David   Epstein,"Epstein, David",,"=""0735214484""","=""9780735214484""",4,4.13,Riverhead Books,Hardcover,339,2019,2019,2024/10/20,2025/11/26,,,read,,,,1,0
174713,The Lessons of History,Will Durant,"Durant, Will",Ariel Durant,"=""1567310249""","=""9781567310245""",3,4.05,Fine Communications,Hardcover,119,1997,1968,2025/11/19,2025/11/19,,,read,,,,1,0
13543121,Between Two Fires,Christopher Buehlman,"Buehlman, Christopher",,"=""1937007863""","=""9781937007867""",0,4.21,Ace,Hardcover,432,2012,2012,,2025/11/14,to-read,to-read (#88),to-read,,,,0,0
67354032,A Brief History of Intelligence: Why the Evolution of the Brain Holds the Key to the Future of AI,Max Solomon Bennett,"Bennett, Max Solomon",,="="0008560099"",="="9780008560096"",4,4.46,William Collins,Hardcover,432,2023,2023,2025/11/08,2023/12/26,,,read,,,,1,0
8253920,"Towers of Midnight (The Wheel of Time, #13)",Robert Jordan,"Jordan, Robert",Brandon Sanderson,"=""0765325942""","=""9780765325945""",5,4.48,Tom Doherty Associates TOR Fantasy,Hardcover,863,2010,2010,2025/10/29,2025/10/29,,,read,,,,1,0
50419441,Mathematics for Machine Learning: 1st Edition,Marc Peter Deisenroth,"Deisenroth, Marc Peter","A. Aldo Faisal, Cheng Soon Ong","=""1108679935""","=""9781108679930""",0,4.32,Cambridge University Press,Kindle Edition,626,2020,,,2025/10/26,to-read,to-read (#87),to-read,,,,0,0
27833670,Dark Matter,Blake Crouch,"Crouch, Blake",,"=""1101904224""","=""9781101904220""",0,4.13,Ballantine Books,Hardcover,342,2016,2016,,2025/09/03,to-read,to-read (#86),to-read,,,,1,0
41580260,The Fifth Science,Exurb1a,"Exurb1a, Exurb1a",,"=""""","=""""",0,4.39,,Kindle Edition,247,2018,2018,,2025/10/11,to-read,to-read (#85),to-read,,,,0,0
240952237,Sublimia Syndrome,Exurb1a,"Exurb1a, Exurb1a",,"=""""","=""9798262653379""",0,4.60,Independently published,Paperback,296,2025,,,2025/10/11,to-read,to-read (#84),to-read,,,,0,0
43582733,Stillness Is the Key,Ryan Holiday,"Holiday, Ryan",,"=""0525538585""","=""9780525538585""",3,4.22,Portfolio,Hardcover,288,2019,2019,2025/09/25,2025/07/09,,,read,,,,1,0
27036528,Ego Is the Enemy,Ryan Holiday,"Holiday, Ryan",,"=""1591847818""","=""9781591847816""",2,4.13,Portfolio,Hardcover,226,2016,2016,2025/08/18,2025/07/09,,,read,,,,1,0
50202953,Piranesi,Susanna Clarke,"Clarke, Susanna",,"=""163557563X""","=""9781635575637""",5,4.21,Bloomsbury,Hardcover,245,2020,2020,2025/08/02,2025/05/15,,,read,,,,1,0
35068705,"The Poppy War (The Poppy War, #1)",R.F. Kuang,"Kuang, R.F.",,"=""0062662597""","=""9780062662590""",0,4.16,Harper Voyager,Kindle Edition,545,2018,2018,,2025/08/08,to-read,to-read (#83),to-read,,,,0,0
31138556,Homo Deus: A History of Tomorrow,Yuval Noah Harari,"Harari, Yuval Noah",,"=""""","=""""",4,4.18,Harper,ebook,450,2017,2015,2019/08/25,2019/08/25,,,read,,,,1,0
97411,Letters from a Stoic,Seneca,"Seneca, Seneca",,"=""0140442103""","=""9780140442106""",4,4.32,Penguin Books,Paperback,254,2004,64,2019/08/02,2023/02/06,,,read,,,,1,0
1099260,"Panteón (Memorias de Idhún, #3)",Laura Gallego García,"García, Laura Gallego",,"=""8467511486""","=""9788467511482""",4,4.11,SM,Hardcover,942,2006,2006,2018/12/01,2018/12/09,,,read,,,,1,0
28257707,The Subtle Art of Not Giving a F*ck: A Counterintuitive Approach to Living a Good Life,Mark Manson,"Manson, Mark",,"=""""","=""9798804636129""",2,3.86,Harper,Paperback,212,2016,2016,2018/12/04,2018/12/26,,,read,,,,1,0
38820046,21 Lessons for the 21st Century,Yuval Noah Harari,"Harari, Yuval Noah",,"=""0525512179""","=""9780525512172""",3,4.15,Random House,Hardcover,372,2018,2018,2019/05/05,2019/05/05,,,read,,,,1,0
43962700,¿Cuánto sabes de economía? (Spanish Edition),Iñaki Jiménez Largo,"Largo, Iñaki Jiménez",,"=""8417622381""","=""9788417622381""",4,4.25,Plataforma Editorial,Kindle Edition,164,2019,,2019/05/12,2019/05/12,,,read,,,,1,0
7194,The Club Dumas,Arturo Pérez-Reverte,"Pérez-Reverte, Arturo",Sonia Soto,"=""015603283X""","=""9780156032834""",3,3.81,HarperVia,Paperback,362,2006,1993,2019/09/14,2019/09/05,,,read,,,,1,0
46202074,"Loba negra (Antonia Scott, #2)",Juan Gómez-Jurado,"Gómez-Jurado, Juan",Fran Ferriz,"=""""","=""""",4,4.09,,Unknown Binding,552,2019,2019,2019/11/13,2019/11/13,,,read,,,,1,0
44285257,Come comida real,Carlos  Ríos,"Ríos, Carlos",,"=""""","=""""",3,4.00,Ediciones Paidós,Kindle Edition,247,2019,2019,2019/12/06,2019/12/06,,,read,,,,1,0
1049219,La caza del carnero salvaje,Haruki Murakami,"Murakami, Haruki","Fernando Rodríguez-Izquierdo, Gavala","=""8433911651""","=""9788433911650""",4,3.94,Editorial Anagrama ,Paperback,336,1992,1982,2019/12/20,2019/12/20,,,read,,,,1,0
32829,Journey to the Center of the Earth,Jules Verne,"Verne, Jules","Lowell Bair, Kim Stanley Robinson","=""0553213970""","=""9780553213973""",3,3.85,Bantam,Mass Market Paperback,240,1991,1864,2019/12/26,2019/12/31,,,read,,,,1,0
3243143,Conscience and Corporate Culture (Foundations of Business Ethics),Kenneth E. Goodpaster,"Goodpaster, Kenneth E.",,"=""1405130407""","=""9781405130400""",3,3.44,Wiley-Blackwell,Paperback,336,2006,2006,2020/05/14,2020/05/14,,,read,,,,1,0
32191710,Astrophysics for People in a Hurry,Neil deGrasse Tyson,"Tyson, Neil deGrasse",,"=""0393609391""","=""9780393609394""",3,4.08,W. W. Norton & Company,Hardcover,223,2017,2017,2020/07/03,2019/09/04,,,read,,,,1,0
51611,De ratones y hombres,John Steinbeck,"Steinbeck, John","Juan José Coy, Consuelo Montes Granado","=""843163412X""","=""9788431634124""",3,3.90,Editorial Vicens Vives,Paperback,110,2014,1937,2020/08/04,2020/08/04,,,read,,,,1,0
4556058,"The Last Olympian (Percy Jackson and the Olympians, #5)",Rick Riordan,"Riordan, Rick",,"=""1423101472""","=""9781423101475""",4,4.55,Disney-Hyperion Books,Hardcover,381,2009,2009,2020/08/27,2020/08/27,,,read,,,,1,0
54334693,"Rey blanco (Antonia Scott, #3)",Juan Gómez-Jurado,"Gómez-Jurado, Juan",Fran Ferriz,"=""8466668543""","=""9788466668545""",4,4.24,Ediciones B,Hardcover,528,2020,2020,2020/12/06,2020/12/06,,,read,,,,1,0
43722897,The Art of Statistics: How to Learn from Data,David Spiegelhalter,"Spiegelhalter, David",,"=""1541618513""","=""9781541618510""",4,4.15,Basic Books,Hardcover,448,2019,2019,2021/01/02,2021/01/02,,,read,,,,1,0
75509311,La perplexitat,Jordi Graupera,"Graupera, Jordi",,"=""8497103491""","=""9788497103503""",4,4.13,Destino,Kindle Edition,398,2023,2023,2023/05/03,2023/05/04,,,read,,,,1,0
20613671,Economics: The User's Guide,Ha-Joon Chang,"Chang, Ha-Joon",,"=""1620408120""","=""9781620408124""",4,4.16,Bloomsbury Publishing,Hardcover,384,2014,2014,2025/07/27,2025/07/27,,,read,,,,1,0
18668059,The Obstacle Is the Way: The Timeless Art of Turning Trials into Triumph,Ryan Holiday,"Holiday, Ryan",,"=""1591846358""","=""9781591846352""",2,4.15,Portfolio,Hardcover,201,2014,2014,2025/07/26,2025/07/09,,,read,,,,1,0
23463279,Designing Data-Intensive Applications,Martin Kleppmann,"Kleppmann, Martin",,"=""""","=""""",0,4.70,O'Reilly,ebook,562,,2015,,2025/07/12,to-read,to-read (#82),to-read,,,,0,0
55399,"Gardens of the Moon (Malazan Book of the Fallen, #1)",Steven Erikson,"Erikson, Steven",,"=""0765348780""","=""9780765348784""",0,3.94,Tor Books,Mass Market Paperback,666,2005,1999,,2025/07/10,to-read,to-read (#81),to-read,,,,0,0
36454667,"Empire of Silence (The Sun Eater, #1)",Christopher Ruocchio,"Ruocchio, Christopher",,"=""0756413028""","=""9780756413026""",0,3.95,DAW,Kindle Edition,753,2018,2018,,2025/07/10,to-read,to-read (#80),to-read,,,,0,0
77566,"Hyperion (Hyperion Cantos, #1)",Dan Simmons,"Simmons, Dan",,"=""0553283685""","=""9780553283686""",0,4.28,Bantam Doubleday Dell Publishing Group,Mass Market Paperback,500,1990,1989,,2025/07/10,to-read,to-read (#79),to-read,,,,0,0
25499718,"Children of Time (Children of Time, #1)",Adrian Tchaikovsky,"Tchaikovsky, Adrian",,"=""1447273281""","=""9781447273288""",0,4.30,PanMacmillan,Hardcover,600,2015,2015,,2025/07/10,to-read,to-read (#78),to-read,,,,0,0
18423,The Left Hand of Darkness,Ursula K. Le Guin,"Guin, Ursula K. Le",,"=""""","=""""",0,4.10,Ace,Paperback,304,2000,1969,,2025/07/10,to-read,to-read (#77),to-read,,,,0,0
58416952,"The Will of the Many (Hierarchy, #1)",James Islington,"Islington, James",,"=""1982141190""","=""9781982141196""",0,4.58,Gallery / Saga Press,Kindle Edition,639,2023,2023,,2025/07/10,to-read,to-read (#76),to-read,,,,0,0
530415,The Art of Doing Science and Engineering: Learning to Learn,Richard Hamming,"Hamming, Richard",,"=""9056995014""","=""9789056995010""",0,4.18,CRC Press,Paperback,376,1997,1996,,2025/07/06,to-read,to-read (#75),to-read,,,,0,0
1166599,"The Gathering Storm (The Wheel of Time, #12)",Robert Jordan,"Jordan, Robert",Brandon Sanderson,"=""0765302306""","=""9780765302304""",5,4.44,Tor Books,Hardcover,824,2009,2009,2025/06/24,2025/06/24,,,read,,,,1,0
36216607,"QualityLand (QualityLand, #1)",Marc-Uwe Kling,"Kling, Marc-Uwe",,"=""3550050232""","=""9783550050237""",0,4.11,Ullstein,Hardcover,384,2018,2017,,2025/05/15,to-read,to-read (#74),to-read,,,,0,0
208430658,Blood Over Bright Haven,M.L. Wang,"Wang, M.L.",,"=""0593873351""","=""9780593873359""",0,4.33,Del Rey,Hardcover,428,2024,2023,,2025/05/11,to-read,to-read (#73),to-read,,,,0,0
54493401,Project Hail Mary,Andy Weir,"Weir, Andy",,"=""0593135202""","=""9780593135204""",0,4.51,Ballantine Books,Hardcover,476,2021,2021,,2025/05/11,to-read,to-read (#72),to-read,,,,0,0
24500281,La Segunda Guerra Mundial contada para escépticos,Juan Eslava Galán,"Galán, Juan Eslava",,"=""8408135309""","=""9788408135302""",4,4.41,Planeta ,Paperback,750,2015,2014,2025/04/21,2025/04/21,,,read,,,,1,0
375802,"Ender’s Game (Ender's Saga, #1)",Orson Scott Card,"Card, Orson Scott",,"=""0812550706""","=""9780812550702""",0,4.31,Tor,Mass Market Paperback,324,2004,1985,,2025/04/08,to-read,to-read (#71),to-read,,,,0,0
124950497,Ikigai: The Japanese Secret to a Long and Happy Life,Héctor  García,"García, Héctor",Francesc Miralles,"=""""","=""""",3,3.69,,Unknown Binding,208,2017,2016,2025/04/06,2025/04/06,,,read,,,,1,0
58275959,"Active Inference: The Free Energy Principle in Mind, Brain, and Behavior",Thomas  Parr,"Parr, Thomas","Giovanni Pezzulo, Karl J. Friston","=""0262045354""","=""9780262045353""",0,4.20,The MIT Press,Hardcover,312,2022,,,2025/03/25,to-read,to-read (#70),to-read,,,,0,0
24113,"Gödel, Escher, Bach: An Eternal Golden Braid",Douglas R. Hofstadter,"Hofstadter, Douglas R.",,"=""0465026567""","=""9780465026562""",0,4.29,Basic Books,Paperback,777,1999,1979,,2025/03/25,to-read,to-read (#69),to-read,,,,0,0
426504,Ficciones,Jorge Luis Borges,"Borges, Jorge Luis","Anthony Kerrigan, Anthony Bonner","=""0802130305""","=""9780802130303""",0,4.40,Grove Press,Paperback,174,1994,1944,,2025/02/21,to-read,to-read (#68),to-read,,,,0,0
11324722,The Righteous Mind: Why Good People Are Divided by Politics and Religion,Jonathan Haidt,"Haidt, Jonathan",,="=""",="=""",5,4.19,Pantheon,Hardcover,419,2012,2012,2025/02/09,2022/11/19,,,read,,,,1,0
13888,"Knife of Dreams (The Wheel of Time, #11)",Robert Jordan,"Jordan, Robert",,"=""0812577566""","=""9780812577563""",5,4.20,Tom Doherty Associates,Mass Market Paperback,860,2006,2005,2025/01/25,2025/01/25,,,read,,,,1,0
54870256,There Is No Antimemetics Division,qntm,"qntm, qntm",Sam  Hughes,"=""""","=""""",0,4.10,,Kindle Edition,220,2020,2020,,2024/12/06,to-read,to-read (#67),to-read,,,,0,0
44659,"Pawn of Prophecy (The Belgariad, #1)",David Eddings,"Eddings, David",,"=""0345468643""","=""9780345468642""",0,4.16,Del Rey,Paperback,304,2004,1982,,2024/11/28,to-read,to-read (#66),to-read,,,,0,0
6371455,From Eternity to Here: The Quest for the Ultimate Theory of Time,Sean Carroll,"Carroll, Sean",,"=""0525951334""","=""9780525951339""",0,4.06,Dutton Adult,Hardcover,447,2010,2009,,2024/10/01,to-read,to-read (#65),to-read,,,,0,0
13587145,The Theoretical Minimum: What You Need to Know to Start Doing Physics (Theoretical Minimum #1),Leonard Susskind,"Susskind, Leonard",George Hrabovsky,"=""046502811X""","=""9780465028115""",0,4.15,Basic Books,Hardcover,256,2013,2013,,2024/09/21,to-read,to-read (#64),to-read,,,,0,0
58100655,The Insect Crisis: The Fall of the Tiny Empires That Run the World,Oliver Milman,"Milman, Oliver",,"=""1324006595""","=""9781324006596""",0,4.11,W. W. Norton & Company,Hardcover,272,2022,2022,,2024/09/21,to-read,to-read (#63),to-read,,,,0,0
30174666,El pequeño libro para invertir con sentido común,John C. Bogle,"Bogle, John C.",Gustavo Teruel Prieto,"=""8423425401""","=""9788423425402""",4,4.15,Deusto,Hardcover,280,2016,2007,2024/09/21,2024/09/21,,,read,,,,1,0
23692271,Sapiens: A Brief History of Humankind,Yuval Noah Harari,"Harari, Yuval Noah",,"=""""","=""""",4,4.33,Vintage,Paperback,512,2015,2011,2019/02/15,2019/02/16,,,read,,,,1,0
113435,"Crossroads of Twilight (The Wheel of Time, #10)",Robert Jordan,"Jordan, Robert",,"=""0312864590""","=""9780312864590""",4,3.77,Tor Fantasy,Hardcover,704,2003,2003,2024/09/15,2024/09/15,,,read,,,,1,0
25486554,SDI Open Water Scuba Diver Manual,Katie Schickel,"Schickel, Katie","Steve Lewis, Lynn Hendrickson, Doug Arnberg, Harry Averill, Bret Gilliam, Sean Harrison","=""1931451087""","=""9781931451086""",3,4.00,International Training,Paperback,112,2010,2010,2024/07/31,2024/09/14,,,read,,,,1,0
3828902,Thinking In Systems: A Primer,Donella H. Meadows,"Meadows, Donella H.",Diana Wright,"=""1603580557""","=""9781603580557""",3,4.18,Chelsea Green Publishing,Paperback,218,2008,2008,2024/08/15,2024/09/14,,,read,,,,1,0
42398639,El pescador,John  Langan,"Langan, John","Alberto Chessa, Rafael Martín Coronel","=""849492320X""","=""9788494923203""",0,3.83,Biblioteca de Carfax,Paperback,364,2018,2016,,2024/08/15,to-read,to-read (#62),to-read,,,,0,0
25374092,La llamada de Chtulhu,H.P. Lovecraft,"Lovecraft, H.P.",,"=""8898006438""","=""9788898006434""",4,4.01,Greenbooks Editore,Kindle Edition,68,2014,1928,2020/10/21,2020/10/21,,,read,,,,1,0
33124137,Pet Sematary,Stephen  King,"King, Stephen",,"=""""","=""""",0,4.08,Scribner,Kindle Edition,580,2014,1983,,2024/06/26,to-read,to-read (#61),to-read,,,,0,0
6288,The Road,Cormac McCarthy,"McCarthy, Cormac",,"=""0307265439""","=""9780307265432""",0,4.00,Alfred A. Knopf,Hardcover,241,2006,2006,,2024/06/26,to-read,to-read (#60),to-read,,,,0,0
52397,"Parable of the Sower (Earthseed, #1)",Octavia E. Butler,"Butler, Octavia E.",,"=""0446675504""","=""9780446675505""",0,4.19,Grand Central Publishing,Paperback,345,2000,1993,,2024/06/26,to-read,to-read (#59),to-read,,,,0,0
944073,"The Blade Itself (The First Law, #1)",Joe Abercrombie,"Abercrombie, Joe",,"=""0575079797""","=""9780575079793""",0,4.22,Gollancz,Paperback,515,2007,2006,,2024/06/26,to-read,to-read (#58),to-read,,,,0,0
64222,"Going Postal (Discworld, #33; Moist von Lipwig, #1)",Terry Pratchett,"Pratchett, Terry",,"=""0060502932""","=""9780060502935""",0,4.41,HarperTorch,Mass Market Paperback,394,2005,2004,,2024/06/26,to-read,to-read (#57),to-read,,,,0,0
39329210,Vers la beauté,David Foenkinos,"Foenkinos, David",,"=""2072784875""","=""9782072784873""",0,4.17,Gallimard,Paperback,224,2018,2018,,2024/06/25,to-read,to-read (#56),to-read,,,,0,0
12361040,Les Souvenirs,David Foenkinos,"Foenkinos, David",,"=""2070134598""","=""9782070134595""",0,3.72,Gallimard,Paperback,272,2011,2011,,2024/06/25,to-read,to-read (#55),to-read,,,,0,0
13891,"Winter's Heart (The Wheel of Time, #9)",Robert Jordan,"Jordan, Robert",,"=""081257558X""","=""9780812575583""",4,3.97,Tor Fantasy,Mass Market Paperback,780,2002,2000,2024/06/15,2024/06/18,,,read,,,,1,0
31670196,"Scale: The Universal Laws of Growth, Innovation, Sustainability, and the Pace of Life in Organisms, Cities, Economies, and Companies",Geoffrey B. West,"West, Geoffrey B.",,"=""1594205582""","=""9781594205583""",0,4.11,Penguin Press,Hardcover,481,2017,2017,,2024/05/22,to-read,to-read (#54),to-read,,,,0,0
33514,The Elements of Style,William Strunk Jr.,"Jr., William Strunk",E.B. White,"=""""","=""""",0,4.18,Allyn & Bacon,Hardcover,105,1999,1918,,2024/05/19,to-read,to-read (#53),to-read,,,,0,0
82005192,How Migration Really Works: A Factful Guide to the Most Divisive Issue in Politics,Hein de Haas,"Haas, Hein de",,"=""024199876X""","=""9780241998762""",0,4.36,Penguin,Kindle Edition,436,2023,2023,,2024/05/18,to-read,to-read (#52),to-read,,,,0,0
42639871,Siddharta,Hermann Hesse,"Hesse, Hermann",,"=""9502531329""","=""9789502531328""",4,4.08,MEXICANOS UNIDOS,Paperback,152,2000,1922,2019/07/06,2019/07/06,,,read,,,,1,0
3636,"The Giver (Giver, #1)",Lois Lowry,"Lowry, Lois",,="="0385732554"",="="9780385732550"",4,4.12,Ember,Paperback,208,2006,1993,2020/05/25,2019/09/04,,,read,,,,1,0
34517195,"El cuento de la criada (El cuento de la criada, #1)",Margaret Atwood,"Atwood, Margaret",Elsa Mateo Blanco,"=""""","=""""",4,4.15,Salamandra,Paperback,416,2017,1985,2019/08/29,2019/03/13,,,read,,,,1,0
8556291,Cities for People,Jan Gehl,"Gehl, Jan",,"=""""","=""""",0,4.35,Island Press,Hardcover,285,2010,2010,,2024/03/23,to-read,to-read (#51),to-read,,,,0,0
140974,"The Path of Daggers (The Wheel of Time, #8)",Robert Jordan,"Jordan, Robert",,"=""0812550293""","=""9780812550290""",4,3.93,Tor Books,Mass Market Paperback,685,1999,1998,2024/03/17,2024/03/17,,,read,,,,1,0
106728,The Timeless Way of Building,Christopher W. Alexander,"Alexander, Christopher W.",,"=""0195024028""","=""9780195024029""",0,4.37,Oxford University Press,Hardcover,552,1979,1978,,2024/02/18,to-read,to-read (#50),to-read,,,,0,0
16080337,"Trono de cristal (Trono de cristal, #1)",Sarah J. Maas,"Maas, Sarah J.",Diego de los Santos Domingo,"=""8420403679""","=""9788420403670""",0,4.19,Alfaguara,Paperback,512,2012,2012,,2024/01/22,to-read,to-read (#49),to-read,,,,0,0
61228406,"El imperio del vampiro (El imperio del vampiro, #1)",Jay Kristoff,"Kristoff, Jay","Bon Orthwick, Laura Naranjo","=""8418440570""","=""9788418440571""",0,4.33,Nocturna,Paperback,944,2022,2021,,2024/01/22,to-read,to-read (#48),to-read,,,,0,0
77197,"Assassin's Apprentice (Farseer Trilogy, #1)",Robin Hobb,"Hobb, Robin",,"=""055357339X""","=""9780553573398""",0,4.19,Spectra Books,Mass Market Paperback,435,1996,1995,,2024/01/19,to-read,to-read (#47),to-read,,,,0,0
13890,"A Crown of Swords (The Wheel of Time, #7)",Robert Jordan,"Jordan, Robert",,"=""0812550285""","=""9780812550283""",4,4.07,Tor Books,Mass Market Paperback,880,1997,1996,2024/01/13,2024/01/13,,,read,,,,1,0
8036604,A People's History of Quebec,Jacques Lacoursière,"Lacoursière, Jacques",Robin Philpot,"=""098124050X""","=""9780981240503""",0,3.46,AmazonUs/INDPB,Paperback,210,2009,2002,,2023/12/10,to-read,to-read (#46),to-read,,,,0,0
35231,"Lord of Chaos (The Wheel of Time, #6)",Robert Jordan,"Jordan, Robert",,"=""0812513754""","=""9780812513752""",4,4.20,Tom Doherty Associates,Mass Market Paperback,1011,1995,1994,2023/10/17,2023/10/17,,,read,,,,1,0
20518872,"The Three-Body Problem (Remembrance of Earth’s Past, #1)",Liu Cixin,"Cixin, Liu",Ken Liu,"=""""","=""""",0,4.08,Tor Books,Hardcover,472,2014,2006,,2023/09/21,to-read,to-read (#45),to-read,,,,0,0
24984035,Map and Territory,Eliezer Yudkowsky,"Yudkowsky, Eliezer",,"=""""","=""""",5,4.16,,ebook,194,,2015,2023/09/04,2023/09/04,,,read,,,,1,0
483055,Theory of Games and Economic Behavior,John von Neumann,"Neumann, John von","Oskar Morgenstern, Ariel Rubinstein, Harold William Kuhn","=""0691130612""","=""9780691130613""",0,4.17,Princeton University Press,Paperback,776,2007,1944,,2023/08/14,to-read,to-read (#44),to-read,,,,0,0
13895,"The Fires of Heaven (The Wheel of Time, #5)",Robert Jordan,"Jordan, Robert",,"=""1857232097""","=""9781857232097""",4,4.20,Orbit,Paperback,912,1994,1993,2023/08/14,2023/08/14,,,read,,,,1,0
61535,The Selfish Gene,Richard Dawkins,"Dawkins, Richard",,"=""0199291152""","=""9780199291151""",0,4.16,Oxford University Press,Paperback,360,2006,1976,,2023/08/11,to-read,to-read (#43),to-read,,,,0,0
19236628,Economía básica: Un manual de economía escrito desde el sentido común,Thomas Sowell,"Sowell, Thomas",Javier El-Hage,"=""842341583X""","=""""",0,4.37,Deusto,Kindle Edition,974,2013,2000,,2023/07/31,to-read,to-read (#42),to-read,,,,0,0
136068366,"Alergia, la nueva epidemia: Una guía para entender, prevenir y combatir las enfermedades alérgicas (Alienta) (Spanish Edition)",Paula Ribó,"Ribó, Paula",,"=""8413442532""","=""9788413442532""",4,4.15,Alienta Editorial,Kindle Edition,281,2023,,2023/07/30,2023/07/30,,,read,,,,1,0
75515,La plaça del Diamant,Mercè Rodoreda,"Rodoreda, Mercè",,"=""8485952316""","=""9788485952311""",4,3.83,Club Editor Kapel,Paperback,159,1984,1962,2023/07/27,2023/07/27,,,read,,,,1,0
7624,Lord of the Flies,William Golding,"Golding, William",,"=""0140283331""","=""9780140283334""",3,3.70,Penguin Books ,Paperback,182,1999,1954,2019/07/08,2019/05/05,,,read,,,,1,0
42525600,Breves respuestas a las grandes preguntas,Stephen W. Hawking,"Hawking, Stephen W.",David Jou i Mirabent,"=""8491990585""","=""9788491990581""",4,4.26,Editorial Crítica,Kindle Edition,201,2018,2018,2019/01/25,2019/01/25,,,read,,,,1,0
6484266,Hacia rutas salvajes,Jon Krakauer,"Krakauer, Jon",Albert Freixa i Vidal,"=""8498721628""","=""9788498721621""",4,4.02,ZETA BOLSILLO,Hardcover,288,2009,1996,2019/09/29,2019/09/29,,,read,,,,1,0
2657,To Kill a Mockingbird,Harper Lee,"Lee, Harper",,"=""0060935464""","=""9780060935467""",4,4.26,Harper Perennial Modern Classics ,Paperback,323,2006,1960,2019/03/19,2018/12/19,,,read,,,,1,0
5107,The Catcher in the Rye,J.D. Salinger,"Salinger, J.D.",,"=""0316769177""","=""9780316769174""",4,3.80,Back Bay Books,Paperback,277,2001,1951,2019/07/26,2019/07/26,,,read,,,,1,0
385228,On Liberty,John Stuart Mill,"Mill, John Stuart",,"=""""","=""""",4,3.96,Penguin Classics,Paperback,187,1985,1859,2019/06/01,2019/02/25,,,read,,,,1,0
6882,Papillon,Henri Charrière,"Charrière, Henri",,"=""0061120669""","=""9780061120664""",4,4.23,William Morrow Paperbacks,Paperback,544,2006,1969,2020/03/02,2019/12/25,,,read,,,,1,0
2166416,La ladrona de libros,Markus Zusak,"Zusak, Markus",Laura Martín de Dios,"=""030739199X""","=""9780307391995""",4,4.39,Random House Mondadori,Paperback,531,2008,2005,2019/09/22,2019/09/22,,,read,,,,1,0
6596,The Four Agreements: A Practical Guide to Personal Freedom,Miguel Ruiz,"Ruiz, Miguel",Janet Mills,"=""1878424505""","=""9781878424501""",2,4.19,Amber-Allen Publishing,Hardcover,152,2001,1997,2023/05/28,2023/05/05,,,read,,,,1,0
9539,"The Shadow Rising (The Wheel of Time, #4)",Robert Jordan,"Jordan, Robert",,"=""0812513738""","=""9780812513738""",5,4.29,Tom Doherty Tor Fantasy,Mass Market Paperback,1007,1993,1992,2023/05/21,2023/05/21,,,read,,,,1,0
17934530,"Annihilation (Southern Reach, #1)",Jeff Vandermeer,"Vandermeer, Jeff",,"=""0374104093""","=""9780374104092""",0,3.80,"Farrar, Straus and Giroux",Paperback,195,2014,2014,,2023/05/08,to-read,to-read (#41),to-read,,,,0,0
51475489,La supèrbia,Jordi Graupera,"Graupera, Jordi",,"=""8417796282""","=""9788417796280""",4,3.76,Fragmenta,Paperback,88,2020,2020,2023/04/23,2023/02/16,,,read,,,,1,0
26848378,Sé amable contigo mismo,Kristin Neff,"Neff, Kristin",,"=""8497546075""","=""9788497546072""",3,4.13,Ediciones Oniro,Kindle Edition,336,2012,2011,2023/04/14,2023/05/01,,,read,,,,1,0
17800,Dance Dance Dance,Haruki Murakami,"Murakami, Haruki",Alfred Birnbaum,"=""0099448769""","=""9780099448761""",4,4.04,Vintage,Paperback,393,2002,1988,2022/10/21,2023/02/28,,,read,,,,1,0
36204378,The Book of Why: The New Science of Cause and Effect,Judea Pearl,"Pearl, Judea",Dana Mackenzie,"=""046509760X""","=""9780465097609""",0,3.93,Basic Books,Hardcover,432,2018,2018,,2023/02/24,to-read,to-read (#40),to-read,,,,0,0
14096,"Wherever You Go, There You Are: Mindfulness Meditation in Everyday Life",Jon Kabat-Zinn,"Kabat-Zinn, Jon",,"=""1401307787""","=""9781401307783""",0,4.13,Balance,Paperback,304,2005,1994,,2023/02/21,to-read,to-read (#39),to-read,,,,0,0
37903770,Norse Mythology,Neil Gaiman,"Gaiman, Neil",,"=""""","=""""",4,4.10,W. W. Norton & Company,Paperback,301,2018,2017,2023/02/19,2018/08/24,,,read,,,,1,0
17930879,Paseos nocturnos,Charles Dickens,"Dickens, Charles",,"=""8430602224""","=""9788430602223""",3,3.44,Taurus,Paperback,148,2013,,2023/02/13,2023/02/13,,,read,,,,1,0
34897,"The Dragon Reborn (The Wheel of Time, #3)",Robert Jordan,"Jordan, Robert",,"=""0765305119""","=""9780765305114""",5,4.28,Tor Fantasy,Mass Market Paperback,624,2002,1991,2023/02/08,2023/02/08,,,read,,,,1,0
56696339,The Power of Geography: Ten Maps That Reveal the Future of Our World,Tim  Marshall,"Marshall, Tim",,"=""1783965371""","=""9781783965373""",4,4.19,Elliott & Thompson Limited,Hardcover,360,2021,2021,2022/02/24,2021/08/22,,,read,,,,1,0
26261327,Climate Change: What Everyone Needs to Know,Joseph Romm,"Romm, Joseph",,"=""0190250178""","=""9780190250171""",3,4.22,Oxford University Press,Paperback,328,2015,2015,2022/09/09,2022/07/28,,,read,,,,1,0
28921,The Remains of the Day,Kazuo Ishiguro,"Ishiguro, Kazuo",,"=""""","=""""",4,4.14,Faber & Faber,Paperback,258,2005,1989,2022/11/06,2022/10/21,,,read,,,,1,0
36064445,Skin in the Game: The Hidden Asymmetries in Daily Life,Nassim Nicholas Taleb,"Taleb, Nassim Nicholas",,"=""0241300657""","=""9780241300657""",5,3.91,Allen Lane,Paperback,272,2018,2018,2022/07/27,2021/08/23,non-fiction-fav,non-fiction-fav (#5),read,,,,1,0
34532870,Prisioneros de la geografía,Tim  Marshall,"Marshall, Tim",,"=""8499425925""","=""9788499425924""",5,4.19,Peninsula,Paperback,300,2017,2015,2020/05/24,2020/05/24,non-fiction-fav,non-fiction-fav (#4),read,,,,1,0
3450744,"Nudge: Improving Decisions About Health, Wealth, and Happiness",Richard H. Thaler,"Thaler, Richard H.",Cass R. Sunstein,"=""014311526X""","=""9780143115267""",3,3.84,Penguin Books,Paperback,260,2009,2008,2021/04/28,2020/06/20,,,read,,,,1,0
13529055,Mortality,Christopher Hitchens,"Hitchens, Christopher",,"=""1455502758""","=""9781455502752""",4,4.12,Grand Central Publishing,Hardcover,104,2012,2012,2022/08/10,2022/08/31,,,read,,,,1,0
24861,Demian: Die Geschichte von Emil Sinclairs Jugend,Hermann Hesse,"Hesse, Hermann",Thomas Mann,"=""""","=""9783518367063""",4,4.14,Suhrkamp Verlag,Paperback,193,1974,1919,2019/12/01,2019/12/01,,,read,,,,1,0
27280159,Un paso por delante de Wall Street,Peter Lynch,"Lynch, Peter",Ramón Vilà Vernis,"=""8423417131""","=""9788423417131""",4,4.29,Deusto,Paperback,368,2015,1988,2021/08/01,2021/08/01,,,read,,,,1,0
449573,The Theory of Everything: The Origin and Fate of the Universe,Stephen W. Hawking,"Hawking, Stephen W.",,"=""0641587716""","=""9780641587719""",4,4.18,New Millennium Entertainment,Unknown Binding,176,2002,2002,2019/11/06,2019/09/05,,,read,,,,1,0
40856161,La historia del loco,John Katzenbach,"Katzenbach, John",Laura Predes,"=""607480236X""","=""9786074802368""",4,4.01,Ediciones B,Paperback,540,2005,2004,2018/07/01,2018/08/24,,,read,,,,1,0
4665779,La tabla rasa: La negación moderna de la naturaleza humana,Steven Pinker,"Pinker, Steven",,"=""8449314895""","=""9788449314896""",4,4.09,Ediciones Paidós,Paperback,704,2003,2002,2020/10/15,2020/04/17,,,read,,,,1,0
24618,"The Art of Living: The Classical Manual on Virtue, Happiness and Effectiveness",Epictetus,"Epictetus, Epictetus",Sharon Lebell,"=""006251346X""","=""9780062513465""",0,4.24,HarperOne,Paperback,128,2004,125,,2023/02/06,to-read,to-read (#38),to-read,,,,0,0
40876575,Utopia for Realists: How We Can Build the Ideal World,Rutger Bregman,"Bregman, Rutger",,"=""0316471909""","=""9780316471909""",0,4.21,"Little, Brown and Company",Kindle Edition,262,2017,2014,,2023/02/06,to-read,to-read (#37),to-read,,,,0,0
149267,The Stand,Stephen  King,"King, Stephen",Bernie Wrightson,"=""""","=""""",0,4.35,Doubleday Books,Hardcover,1152,1990,1978,,2023/02/06,to-read,to-read (#36),to-read,,,,0,0
54898389,The Almanack of Naval Ravikant: A Guide to Wealth and Happiness,Eric Jorgenson,"Jorgenson, Eric",,"=""""","=""9781544514208""",0,4.38,Magrathea Publishing,Kindle Edition,244,2020,2020,,2023/02/06,to-read,to-read (#35),to-read,,,,0,0
51554723,El infinito en un junco: La invención de los libros en el mundo antiguo,Irene Vallejo,"Vallejo, Irene",,"=""8417860797""","=""9788417860790""",0,4.24,Siruela,Paperback,452,2019,2019,,2022/12/23,to-read,to-read (#34),to-read,,,,0,0
10483171,The Beginning of Infinity: Explanations That Transform the World,David Deutsch,"Deutsch, David",,"=""0670022756""","=""9780670022755""",0,4.17,Viking,Hardcover,487,2011,2011,,2022/12/17,to-read,to-read (#33),to-read,,,,0,0
2761,The Denial of Death,Ernest Becker,"Becker, Ernest",Sam Keen,"=""""","=""""",1,4.05,Free Press,Paperback,336,1997,1973,2022/12/12,2022/11/19,,,read,,,,1,0
43848929,Talking to Strangers: What We Should Know About the People We Don't Know,Malcolm Gladwell,"Gladwell, Malcolm",,"=""0316478520""","=""9780316478526""",0,4.00,"Little, Brown and Company",Hardcover,388,2019,2019,,2022/12/03,to-read,to-read (#32),to-read,,,,0,0
2054,"The Long Goodbye (Philip Marlowe, #6)",Raymond Chandler,"Chandler, Raymond",,"=""0394757688""","=""9780394757681""",0,4.19,Vintage Crime/Black Lizard,Paperback,379,1988,1953,,2022/11/20,to-read,to-read (#31),to-read,,,,0,0
30257963,12 Rules for Life: An Antidote to Chaos,Jordan B. Peterson,"Peterson, Jordan B.",,"=""0345816021""","=""9780345816023""",0,3.90,Random House Canada,Hardcover,409,2018,2018,,2022/11/10,to-read,to-read (#30),to-read,,,,0,0
10775242,El quadern gris,Josep Pla,"Pla, Josep",,"=""8492549580""","=""9788492549580""",0,4.21,labutxaca,Paperback,752,2007,1965,,2022/10/03,to-read,to-read (#29),to-read,,,,0,0
53014245,El planeta inhóspito: La vida después del calentamiento,David Wallace-Wells,"Wallace-Wells, David",,"=""8417636501""","=""9788417636500""",3,3.99,DEBATE,Kindle Edition,352,2019,2019,2019/12/13,2019/03/04,,,read,,,,1,0
14142,The Art of Loving,Erich Fromm,"Fromm, Erich",,"=""0061129739""","=""9780061129735""",5,4.00,Harper Perennial Modern Classics,Paperback,180,2006,1956,2022/07/14,2022/07/15,,,read,,,,1,0
3250347,The Happiness Trap: How to Stop Struggling and Start Living: A Guide to ACT,Russ Harris,"Harris, Russ",Steven C. Hayes,"=""1590305841""","=""9781590305843""",0,4.13,Trumpeter,Paperback,240,2008,2007,,2022/07/08,to-read,to-read (#28),to-read,,,,0,0
233649,"The Great Hunt (The Wheel of Time, #2)",Robert Jordan,"Jordan, Robert",,"=""0812517725""","=""9780812517729""",5,4.27,Tor Books,Mass Market Paperback,705,1991,1990,2022/06/26,2022/06/26,,,read,,,,1,0
228665,"The Eye of the World (The Wheel of Time, #1)",Robert Jordan,"Jordan, Robert",,"=""0812511816""","=""9780812511819""",5,4.19,Tor Books,Mass Market Paperback,800,1990,1990,2022/05/08,2018/08/24,,,read,,,,1,0
78917,"Una historia de la Guerra Civil que no va a gustar a nadie (Una historia de la Guerra Civil que no va a gustar a nadie, #1)",Juan Eslava Galán,"Galán, Juan Eslava",,"=""8467216069""","=""9788467216066""",4,4.11,"Círculo de Lectores, S.A.",,400,2005,2005,2022/02/28,2021/08/05,,,read,,,,1,0
40652170,Meditaciones,Marcus Aurelius,"Aurelius, Marcus","Carlos García Gual, Ramón Bach Pellicer","=""8424906403""","=""9788424906405""",4,4.28,Gredos,Paperback,256,2010,180,2022/02/05,2021/08/05,,,read,,,,1,0
52879286,Humankind: A Hopeful History,Rutger Bregman,"Bregman, Rutger","Elizabeth Manton, Erica Moore","=""0316418536""","=""9780316418539""",5,4.32,"Little, Brown and Company",Hardcover,462,2020,2019,2021/12/25,2021/12/25,non-fiction-fav,non-fiction-fav (#3),read,,,,1,0
4069,Man's Search for Meaning,Viktor E. Frankl,"Frankl, Viktor E.","Harold S. Kushner, William J. Winslade, Isle Lasch","=""080701429X""","=""9780807014295""",5,4.37,Beacon Press,Paperback,165,2006,1946,2019/02/19,2019/02/21,non-fiction-fav,non-fiction-fav (#2),read,,,,1,0
11468377,"Thinking, Fast and Slow",Daniel Kahneman,"Kahneman, Daniel",,"=""0374275637""","=""9780374275631""",5,4.17,"Farrar, Straus and Giroux",Hardcover,499,2011,2011,2019/11/25,2019/03/13,non-fiction-fav,non-fiction-fav (#1),read,,,,1,0
22590,Ubik,Philip K. Dick,"Dick, Philip K.",,"=""8498000831""","=""9788498000832""",0,4.11,La factoría de ideas,Paperback,288,2004,1969,,2021/12/08,to-read,to-read (#27),to-read,,,,0,0
13150479,En los oscuros lugares del saber,Peter Kingsley,"Kingsley, Peter",Carmen Francí Ventosa,"=""8493778419""","=""9788493778415""",0,4.09,Atalanta,Hardcover,258,2019,1999,,2021/12/01,to-read,to-read (#26),to-read,,,,0,0
53246973,El color del espacio exterior,H.P. Lovecraft,"Lovecraft, H.P.",,"=""""","=""""",4,4.05,,ebook,52,2020,1927,2021/07/27,2021/07/27,,,read,,,,1,0
222947,"La comunidad del anillo (El señor de los anillos, #1)",J.R.R. Tolkien,"Tolkien, J.R.R.",Luis Domènech,"=""8445071408""","=""9788445071403""",4,4.41,Minotauro,Paperback,560,1991,1954,2021/10/03,2021/06/13,,,read,,,,1,0
17744,The Visual Display of Quantitative Information,Edward R. Tufte,"Tufte, Edward R.",,"=""0961392142""","=""9780961392147""",0,4.39,Graphics Press,Hardcover,197,2001,1983,,2021/09/11,to-read,to-read (#25),to-read,,,,0,0
26535513,Storytelling with Data: A Data Visualization Guide for Business Professionals,Cole Nussbaumer Knaflic,"Knaflic, Cole Nussbaumer",,"=""1119002257""","=""9781119002253""",0,4.38,Wiley,Paperback,288,2015,2015,,2021/09/11,to-read,to-read (#24),to-read,,,,0,0
28186015,Weapons of Math Destruction: How Big Data Increases Inequality and Threatens Democracy,Cathy O'Neil,"O'Neil, Cathy",,"=""0553418815""","=""9780553418811""",3,3.87,Crown,Hardcover,259,2016,2016,2021/08/27,2021/08/27,,,read,,,,1,0
23546676,Digital Gold: Bitcoin and the Inside Story of the Misfits and Millionaires Trying to Reinvent Money,Nathaniel Popper,"Popper, Nathaniel",,"=""0062362496""","=""9780062362490""",3,4.14,Harper,Hardcover,416,2015,2015,2021/08/20,2021/08/05,,,read,,,,1,0
6902395,El horror de Dunwich,H.P. Lovecraft,"Lovecraft, H.P.",Aurelio Martínez Benito,"=""8420646032""","=""9788420646039""",4,3.81,Alianza,Paperback,96,1994,1928,2021/08/09,2021/08/09,,,read,,,,1,0
1289644,The Rats in the Walls,H.P. Lovecraft,"Lovecraft, H.P.",,"=""2266150227""","=""9782266150224""",4,3.96,Pocket,Paperback,42,2005,1924,2021/08/07,2021/08/09,,,read,,,,1,0
26156469,Never Split the Difference: Negotiating As If Your Life Depended On It,Chris Voss,"Voss, Chris",Tahl Raz,"=""0062407805""","=""9780062407801""",0,4.34,Harper Business,Hardcover,274,2016,2016,,2021/08/04,to-read,to-read (#23),to-read,,,,0,0
13175692,The Shadow over Innsmouth,H.P. Lovecraft,"Lovecraft, H.P.",,"=""1450562795""","=""9781450562799""",4,4.10,Visionary Publishing Company,Paperback,158,1936,1936,2021/07/28,2021/07/28,,,read,,,,1,0
7506196,En las montañas de la locura,H.P. Lovecraft,"Lovecraft, H.P.",,"=""8420636401""","=""9788420636405""",4,3.78,Alianza Editorial,Paperback,284,1998,1936,2021/07/26,2021/07/26,,,read,,,,1,0
20426394,El paciente,Juan Gómez-Jurado,"Gómez-Jurado, Juan",,"=""""","=""""",4,4.09,Ediciones B,Hardcover,494,2014,2014,2021/07/19,2020/08/16,,,read,,,,1,0
36099978,"Season of Storms (The Witcher, #0.2)",Andrzej Sapkowski,"Sapkowski, Andrzej",David   French,"=""""","=""9780316441636""",5,3.97,Orbit,Hardcover,419,2018,2013,2021/07/07,2021/07/07,,,read,,,,1,0
7235533,"The Way of Kings (The Stormlight Archive, #1)",Brandon Sanderson,"Sanderson, Brandon",,"=""0765326353""","=""9780765326355""",0,4.66,Tor Books,Hardcover,1007,2010,2010,,2021/06/13,to-read,to-read (#22),to-read,,,,0,0
34497,"The Color of Magic (Discworld, #1; Rincewind, #1)",Terry Pratchett,"Pratchett, Terry",,"=""0060855924""","=""9780060855925""",0,3.99,Harper,Paperback,228,2005,1983,,2021/06/13,to-read,to-read (#21),to-read,,,,0,0
6043781,"Blood of Elves (The Witcher, #1)",Andrzej Sapkowski,"Sapkowski, Andrzej",Danusia Stok,"=""""","=""""",5,4.10,Hachette Book Group,Mass Market Paperback,398,2009,1994,2021/05/03,2021/05/03,fiction-fav,fiction-fav (#6),read,,,,1,0
32186143,"The Lady of the Lake (The Witcher, #5)",Andrzej Sapkowski,"Sapkowski, Andrzej",David   French,"=""""","=""""",5,4.09,Orbit,Kindle Edition,560,2017,1999,2021/06/13,2021/06/13,,,read,,,,1,0
43818540,"Life Isn't Binary: On Being Both, Beyond, and In-Between",Meg-John Barker,"Barker, Meg-John",Alex Iantaffi,"=""1785924796""","=""9781785924798""",3,4.08,Jessica Kingsley Publishers ,Paperback,237,2019,2019,2021/06/04,2021/06/04,,,read,,,,1,0
18247597,"The Tower of the Swallow (The Witcher, #4)",Andrzej Sapkowski,"Sapkowski, Andrzej",David   French,"=""1473211565""","=""9781473211568""",5,4.22,Gollancz,Paperback,448,2016,1997,2021/06/02,2021/06/02,,,read,,,,1,0
69571,"Rich Dad, Poor Dad",Robert T. Kiyosaki,"Kiyosaki, Robert T.",,"=""0751532711""","=""9780751532715""",2,4.09,Time Warner Books UK,Paperback,195,2002,1997,2019/11/09,2019/09/05,,,read,,,,1,0
45028173,Hábitos atómicos,James Clear,"Clear, James",,"=""6077476722""","=""9786077476726""",4,4.32,Paidos México,Kindle Edition,339,2019,2018,2021/05/29,2021/05/29,,,read,,,,1,0
1128434,"The Last Wish (The Witcher, #0.5)",Andrzej Sapkowski,"Sapkowski, Andrzej","Danusia Stok, Peter Kenny","=""0575077832""","=""9780575077836""",5,4.14,Gollancz,Hardcover,384,2007,1993,2021/01/09,2021/01/09,,,read,,,,1,0
18656031,"Baptism of Fire (The Witcher, #3)",Andrzej Sapkowski,"Sapkowski, Andrzej",David   French,"=""0316219185""","=""9780316219181""",5,4.26,Orbit,Paperback,400,2014,1996,2021/05/24,2021/05/24,,,read,,,,1,0
14781491,"The Time of Contempt (The Witcher, #2)",Andrzej Sapkowski,"Sapkowski, Andrzej",David   French,"=""0316219134""","=""9780316219136""",5,4.16,Orbit,Paperback,352,2013,1995,2021/05/20,2021/05/20,,,read,,,,1,0
57540,The Ethnic Cleansing of Palestine,Ilan Pappé,"Pappé, Ilan",,"=""1851684670""","=""9781851684670""",4,4.55,Oneworld Publications,Hardcover,320,2006,2006,2021/05/18,2021/05/11,,,read,,,,1,0
21944925,Por qué fracasan los países,Daron Acemoğlu,"Acemoğlu, Daron",James A. Robinson,"=""6079202611""","=""9786079202613""",4,4.09,Editorial Critica,Paperback,592,2014,2012,2021/05/11,2021/05/11,,,read,,,,1,0
33652320,El arte de la guerra,Sun Tzu,"Tzu, Sun",,"=""1773137255""","=""9781773137254""",3,3.94,Aegitas,Kindle Edition,42,2016,,2019/11/03,2019/03/13,,,read,,,,1,0
47668,Ensayo sobre la ceguera,José Saramago,"Saramago, José",,"=""""","=""""",0,4.18,Punto de Lectura,Paperback,329,2006,1995,,2021/04/13,to-read,to-read (#20),to-read,,,,0,0
4934,The Brothers Karamazov,Fyodor Dostoevsky,"Dostoevsky, Fyodor","Richard Pevear, Larissa Volokhonsky","=""0374528373""","=""9780374528379""",0,4.39,"Farrar, Straus and Giroux",Paperback,796,2002,1880,,2021/04/13,to-read,to-read (#19),to-read,,,,0,0
18215192,"Sword of Destiny (The Witcher, #0.7)",Andrzej Sapkowski,"Sapkowski, Andrzej",David   French,"=""1473211530""","=""9781473211537""",5,4.27,Gollancz,Paperback,384,2015,1992,2021/01/17,2021/01/17,,,read,,,,1,0
40538681,Midnight in Chernobyl: The Untold Story of the World's Greatest Nuclear Disaster,Adam Higginbotham,"Higginbotham, Adam",,"=""1501134612""","=""9781501134616""",5,4.36,Simon & Schuster,Hardcover,538,2019,2019,2020/12/03,2020/12/03,,,read,,,,1,0
42287448,Metamorfosis (Spanish Edition),Franz Kafka,"Kafka, Franz",,"=""1548737259""","=""9781548737252""",3,3.91,CreateSpace Independent Publishing Platform,Paperback,32,2017,1915,2019/12/28,2019/12/31,,,read,,,,1,0
5043,"The Pillars of the Earth (Kingsbridge, #1)",Ken Follett,"Follett, Ken",,"=""045122213X""","=""9780451222138""",0,4.35,Penguin Books,Paperback,976,2007,1989,,2020/09/19,to-read,to-read (#18),to-read,,,,0,0
2120932,"The Battle of the Labyrinth (Percy Jackson and the Olympians, #4)",Rick Riordan,"Riordan, Rick",,"=""1423101464""","=""9781423101468""",4,4.42,Hyperion Books for Children,Hardcover,361,2008,2008,2020/08/26,2020/08/26,,,read,,,,1,0
561456,"The Titan’s Curse (Percy Jackson and the Olympians, #3)",Rick Riordan,"Riordan, Rick",,"=""""","=""""",4,4.37,Puffin Books,Kindle Edition,352,2007,2007,2020/08/24,2020/08/24,,,read,,,,1,0
28186,"The Sea of Monsters (Percy Jackson and the Olympians, #2)",Rick Riordan,"Riordan, Rick",,"=""0786856866""","=""9780786856862""",4,4.24,Hyperion Books,Hardcover,279,2006,2006,2020/08/23,2020/08/23,,,read,,,,1,0
28187,"The Lightning Thief (Percy Jackson and the Olympians, #1)",Rick Riordan,"Riordan, Rick",,"=""0786838655""","=""9780786838653""",5,4.31,Disney Hyperion Books,Paperback,377,2006,2005,2020/08/22,2020/06/16,,,read,,,,1,0
947856,Un punto azul pálido,Carl Sagan,"Sagan, Carl",,"=""8408059076""","=""9788408059073""",0,4.34,Editorial Planeta,Hardcover,448,2009,1994,,2020/08/14,to-read,to-read (#17),to-read,,,,0,0
24583,The Adventures of Tom Sawyer,Mark Twain,"Twain, Mark","Guy Cardwell, John Seelye, Mark Hallaq, Amanda Lee","=""""","=""9780143039563""",0,3.92,Penguin Classics,Paperback,244,2006,1876,,2020/08/12,to-read,to-read (#16),to-read,,,,0,0
49552,The Stranger,Albert Camus,"Camus, Albert",Matthew  Ward,"=""""","=""""",4,4.03,Vintage International,Paperback,123,1989,1942,2020/08/06,2020/08/06,,,read,,,,1,0
1906869,Power to Save the World: The Truth About Nuclear Energy,Gwyneth Cravens,"Cravens, Gwyneth",Richard Rhodes,"=""0307266567""","=""9780307266569""",3,4.02,Knopf,Hardcover,464,2007,2007,2020/07/26,2020/06/07,,,read,,,,1,0
12067,"Good Omens: The Nice and Accurate Prophecies of Agnes Nutter, Witch",Terry Pratchett,"Pratchett, Terry",Neil Gaiman,"=""""","=""""",4,4.25,William Morrow Paperbacks,Mass Market Paperback,491,2006,1990,2020/06/19,2019/09/14,,,read,,,,1,0
11,"The Hitchhiker’s Guide to the Galaxy (Hitchhiker's Guide to the Galaxy, #1)",Douglas Adams,"Adams, Douglas",,"=""""","=""""",0,4.22,Del Rey Books,Mass Market Paperback,216,2005,1979,,2020/06/06,to-read,to-read (#15),to-read,,,,0,0
6900,"Tuesdays with Morrie: An Old Man, a Young Man, and Life's Greatest Lesson",Mitch Albom,"Albom, Mitch",,"=""""","=""""",0,4.21,Warner,Paperback,210,2000,1997,,2020/06/05,to-read,to-read (#14),to-read,,,,0,0
76171,We,Yevgeny Zamyatin,"Zamyatin, Yevgeny",Clarence Brown,"=""0140185852""","=""9780140185850""",4,3.88,Penguin Books,Paperback,256,1993,1924,2020/06/05,2020/06/05,,,read,,,,1,0
17397466,An Introduction to Statistical Learning: with Applications in R (Springer Texts in Statistics),Gareth James,"James, Gareth","Daniela Witten, Trevor Hastie, Robert Tibshirani","=""1461471370""","=""9781461471370""",5,4.59,SPRINGER,Hardcover,426,2013,2013,2020/05/20,2020/05/24,,,read,,,,1,0
2767793,"The Hero of Ages (Mistborn, #3)",Brandon Sanderson,"Sanderson, Brandon",,"=""0765316897""","=""9780765316899""",5,4.56,Tor Books,Hardcover,572,2008,2014,2020/05/02,2020/05/02,,,read,,,,1,0
34418540,La quinta estación,N.K. Jemisin,"Jemisin, N.K.",David Tejera Expósito,"=""""","=""9788466661690""",0,4.28,NOVA,Paperback,448,2017,2015,,2020/04/17,to-read,to-read (#13),to-read,,,,0,0
68428,"Mistborn: The Final Empire (Mistborn, #1)",Brandon Sanderson,"Sanderson, Brandon",,"=""""","=""9780765311788""",5,4.49,Tor Books,Hardcover,541,2006,2006,2020/04/05,2018/08/24,fiction-fav,fiction-fav (#5),read,,,,1,0
68429,"The Well of Ascension (Mistborn, #2)",Brandon Sanderson,"Sanderson, Brandon",,"=""0765316889""","=""9780765316882""",5,4.38,Tor Books,Hardcover,590,2007,2007,2020/04/17,2020/04/17,,,read,,,,1,0
40532021,365 días para ser más culto,David S. Kidder,"Kidder, David S.",Noah D. Oppenheim,"=""8427040628""","=""9788427040625""",0,3.94,Booket,Mass Market Paperback,768,2013,2006,,2019/09/17,to-read,to-read (#7),to-read,,,,0,0
1713426,Predictably Irrational: The Hidden Forces That Shape Our Decisions,Dan Ariely,"Ariely, Dan",,"=""""","=""""",4,4.12,HarperCollins Canada ,Hardcover,247,2008,2008,2020/03/18,2020/03/19,,,read,,,,1,0
35959740,Circe,Madeline Miller,"Miller, Madeline",,"=""0316556343""","=""9780316556347""",4,4.22,"Little, Brown and Company",Hardcover,393,2018,2018,2020/01/30,2019/12/31,,,read,,,,1,0
13079982,Fahrenheit 451,Ray Bradbury,"Bradbury, Ray",,"=""""","=""""",4,3.97,Simon & Schuster,Mass Market Paperback,249,2011,1953,2019/07/30,2019/07/30,,,read,,,,1,0
40828494,"Jaque al psicoanalista (El psicoanalista, #2)",John Katzenbach,"Katzenbach, John",,"=""8466664203""","=""9788466664202""",4,3.99,B,Hardcover,440,2018,2018,2018/12/03,2018/12/15,,,read,,,,1,0
49392,"El psicoanalista (El psicoanalista, #1)",John Katzenbach,"Katzenbach, John",Laura Paredes,"=""8496546489""","=""9788496546486""",4,4.11,Ediciones B,Paperback,528,2006,2002,2018/05/01,2018/08/24,,,read,,,,1,0
343,Perfume: The Story of a Murderer,Patrick Süskind,"Süskind, Patrick",John E. Woods,"=""""","=""""",4,4.04,Penguin Books,Paperback,263,1987,1985,2019/09/03,2019/08/27,,,read,,,,1,0
13642,"A Wizard of Earthsea (Earthsea Cycle, #1)",Ursula K. Le Guin,"Guin, Ursula K. Le",,"=""""","=""""",4,4.01,,Paperback,183,2004,1968,2019/12/31,2019/12/31,,,read,,,,1,0
30629,Cartas del diablo a su sobrino,C.S. Lewis,"Lewis, C.S.",,"=""006114004X""","=""9780061140044""",3,4.27,HarperOne,Paperback,144,2006,1942,2019/12/24,2019/12/25,,,read,,,,1,0
11275,The Wind-Up Bird Chronicle,Haruki Murakami,"Murakami, Haruki",Jay Rubin,"=""0965341984""","=""9780965341981""",0,4.14,Knopf,Paperback,607,1997,1994,,2019/12/20,to-read,to-read (#12),to-read,,,,0,0
22514127,Automate the Boring Stuff with Python: Practical Programming for Total Beginners,Al Sweigart,"Sweigart, Al",,"=""1593275994""","=""9781593275990""",4,4.28,No Starch Press,Paperback,479,2015,2014,2019/08/15,2019/12/15,,,read,,,,1,0
23940,Junky,William S. Burroughs,"Burroughs, William S.","Oliver  Harris, Allen Ginsberg","=""0142003166""","=""9780142003169""",3,3.84,Penguin ,Paperback,166,2003,1953,2019/12/15,2019/12/15,,,read,,,,1,0
3421809,Tokio Blues: Norwegian Wood,Haruki Murakami,"Murakami, Haruki",Lourdes Porta Fuentes,"=""8483835045""","=""9788483835043""",5,3.99,Tusquets Editores S.A.,Mass Market Paperback,384,2007,1987,2019/12/08,2019/11/25,fiction-fav,fiction-fav (#4),read,,,,1,0
4929,Kafka on the Shore,Haruki Murakami,"Murakami, Haruki",Philip Gabriel,"=""""","=""""",0,4.11,Vintage International,Paperback,467,2006,2002,,2019/12/07,to-read,to-read (#11),to-read,,,,0,0
5954,Narcissus and Goldmund,Hermann Hesse,"Hesse, Hermann",Ursule Molinaro,"=""0374506841""","=""9780374506841""",0,4.22,"The Noonday Press / Farrar, Straus Giroux",Paperback,315,1997,1930,,2019/11/26,to-read,to-read (#10),to-read,,,,0,0
41743264,"Reina roja (Antonia Scott, #1)",Juan Gómez-Jurado,"Gómez-Jurado, Juan",Fran Ferriz,"=""8466664416""","=""9788466664417""",5,4.08,Ediciones B,Hardcover,568,2018,2018,2018/12/05,2018/12/22,,,read,,,,1,0
34884918,Falacias lógicas: Las 59 falacias lógicas más poderosas,Steve   Allen,"Allen, Steve",,"=""""","=""""",0,3.94,,Kindle Edition,96,2017,,,2019/10/23,to-read,to-read (#9),to-read,,,,0,0
1885,Pride and Prejudice,Jane Austen,"Austen, Jane",Anna Quindlen,"=""1441341706""","=""9781441341709""",4,4.30,Modern Library,Paperback,279,2023,1813,2019/10/18,2019/07/03,,,read,,,,1,0
63137,Niebla,Miguel de Unamuno,"Unamuno, Miguel de",,"=""8423919153""","=""9788423919154""",0,4.06,Espasa Calpe,Paperback,259,1990,1914,,2019/10/18,to-read,to-read (#8),to-read,,,,0,0
320,One Hundred Years of Solitude,Gabriel García Márquez,"Márquez, Gabriel García",Gregory Rabassa,"=""""","=""""",4,4.12,Harper,Mass Market Paperback,417,2003,1967,2019/09/10,2019/08/27,,,read,,,,1,0
5129,Brave New World,Aldous Huxley,"Huxley, Aldous",,"=""0060929871""","=""9780060929879""",5,3.98,HarperPerennial / Perennial Classics,Paperback,288,1998,1932,2019/05/09,2019/05/09,,,read,,,,1,0
16631,Steppenwolf,Hermann Hesse,"Hesse, Hermann",Basil Creighton,"=""0140282580""","=""9780140282580""",5,4.13,Penguin,Paperback,256,1999,1927,2019/03/13,2019/03/13,fiction-fav,fiction-fav (#3),read,,,,1,0
40961427,1984,George Orwell,"Orwell, George",,"=""""","=""""",5,4.20,Houghton Mifflin Harcourt,ebook,298,2013,1948,2019/02/07,2019/01/08,,,read,,,,1,0
18872806,"La sombra del viento (El cementerio de los libros olvidados, #1)",Carlos Ruiz Zafón,"Zafón, Carlos Ruiz",,"=""0307806790""","=""9780307806796""",5,4.31,Vintage Español,Kindle Edition,0,2011,2001,2019/01/02,2019/01/02,fiction-fav,fiction-fav (#2),read,,,,1,0
186074,"The Name of the Wind (The Kingkiller Chronicle, #1)",Patrick Rothfuss,"Rothfuss, Patrick",,"=""075640407X""","=""9780756404079""",5,4.52,Penguin Group DAW,Hardcover,662,2007,2007,2018/02/01,2018/08/24,fiction-fav,fiction-fav (#1),read,,,,1,0
42895,Una breve historia de casi todo,Bill Bryson,"Bryson, Bill",José Manuel Álvarez,"=""8478713808""","=""9788478713806""",0,4.22,RBA Bolsillo,Paperback,567,2006,2003,,2019/09/05,to-read,to-read (#6),to-read,,,,0,0
1852,The Call of the Wild,Jack London,"London, Jack",Avi,"=""""","=""""",4,3.92,Scholastic,Mass Market Paperback,172,2001,1903,2019/09/02,2019/08/27,,,read,,,,1,0
5297,The Picture of Dorian Gray,Oscar Wilde,"Wilde, Oscar",Jeffrey Eugenides,"=""""","=""""",4,4.14,Random House: Modern Library,Paperback,272,2004,1890,2019/07/02,2019/07/02,,,read,,,,1,0
4671,The Great Gatsby,F. Scott Fitzgerald,"Fitzgerald, F. Scott",,"=""0743273567""","=""9780743273565""",4,3.93,Scribner,Paperback,180,2025,1925,2019/04/15,2019/01/08,,,read,,,,1,0
170448,Animal Farm,George Orwell,"Orwell, George","Russell Baker, C.M. Woodhouse","=""0451526341""","=""9780451526342""",4,4.02,Signet Classics,Mass Market Paperback,141,1996,1945,2019/02/27,2019/02/27,,,read,,,,1,0
22299763,"Crooked Kingdom (Six of Crows, #2)",Leigh Bardugo,"Bardugo, Leigh",,"=""""","=""""",5,4.57,Orion Children's Books,Kindle Edition,561,2016,2016,2018/07/02,2018/08/24,,,read,,,,1,0
1215032,"The Wise Man's Fear (The Kingkiller Chronicle, #2)",Patrick Rothfuss,"Rothfuss, Patrick",,"=""0756404738""","=""9780756404734""",5,4.55,DAW Books,Hardcover,994,2011,2011,2018/02/02,2018/08/24,,,read,,,,1,0
34108953,"Tres coronas oscuras (Tres coronas oscuras, #1)",Kendare Blake,"Blake, Kendare",,"=""6075272992""","=""9786075272993""",3,3.79,Del Nuevo Extremo (Océano Gran Travesía),Kindle Edition,416,2017,2016,2019/09/01,2019/09/01,,,read,,,,1,0
119073,The Name of the Rose,Umberto Eco,"Eco, Umberto",William Weaver,"=""0156001314""","=""9780156001311""",3,4.14,Houghton Mifflin Harcourt,Paperback,552,1994,1980,2019/07/22,2019/07/22,,,read,,,,1,0
7144,Crime and Punishment,Fyodor Dostoevsky,"Dostoevsky, Fyodor","David McDuff, Joseph Frank","=""""","=""""",0,4.29,Penguin,Paperback,671,2002,1866,,2019/07/03,to-read,to-read (#4),to-read,,,,0,0
25270785,La chica del tren,Paula Hawkins,"Hawkins, Paula",Aleix Montoto,"=""8408141473""","=""9788408141471""",3,3.96,Planeta Internacional,Hardcover,496,2015,2015,2018/08/10,2019/01/20,,,read,,,,1,0
865,The Alchemist,Paulo Coelho,"Coelho, Paulo",Alan R. Clarke,"=""0061122416""","=""9780061122415""",1,3.92,HarperCollins,Paperback,197,1993,1988,2019/05/15,2019/05/15,,,read,,,,1,0
944652,Poor Charlie's Almanack: The Wit and Wisdom of Charles T. Munger,Charles T. Munger,"Munger, Charles T.",Peter E. Kaufman,"=""157864366X""","=""9781578643660""",0,4.40,Donning Co Pub,Hardcover,512,2006,2005,,2019/04/18,to-read,to-read (#3),to-read,,,,0,0
5196764,"The Angel's Game (The Cemetery of Forgotten Books, #2)",Carlos Ruiz Zafón,"Zafón, Carlos Ruiz",Lucia Graves,"=""0753826496""","=""9780753826492""",5,4.02,W&N,Paperback,544,2010,2008,2019/01/05,2019/01/06,,,read,,,,1,0
6174,Survival in Auschwitz,Primo Levi,"Levi, Primo",Philip Roth,"=""0684826801""","=""9780684826806""",5,4.35,Simon & Schuster,Paperback,187,1996,1947,2019/02/24,2019/02/24,,,read,,,,1,0
3869,A Brief History of Time,Stephen W. Hawking,"Hawking, Stephen W.",,"=""0553380168""","=""9780553380163""",0,4.21,Bantam Books,Paperback,226,1998,1988,,2019/01/25,to-read,to-read (#2),to-read,,,,0,0
31700489,"El laberinto de los espíritus (El cementerio de los libros olvidados, #4)",Carlos Ruiz Zafón,"Zafón, Carlos Ruiz",,"=""8408163388""","=""9788408163381""",5,4.54,Planeta,Hardcover,928,2016,2016,2019/01/22,2019/01/22,,,read,,,,1,0
13623012,"The Prisoner of Heaven (The Cemetery of Forgotten Books, #3)",Carlos Ruiz Zafón,"Zafón, Carlos Ruiz",Lucia Graves,"=""0062206281""","=""9780062206282""",5,4.15,Harper,Hardcover,278,2012,2011,2019/01/10,2019/01/10,,,read,,,,1,0
23241059,Penguin Random House Python Crash Course,Eric Matthes,"Matthes, Eric",,"=""1593276036""","=""9781593276034""",4,4.35,No Starch Press,Paperback,560,2015,2015,2018/03/01,2018/08/24,,,read,,,,1,0
23206969,"Superhuman by Habit: A Guide to Becoming the Best Possible Version of Yourself, One Tiny Habit at a Time",Tynan,"Tynan, Tynan",,"=""""","=""""",4,3.80,,Kindle Edition,101,2014,2014,2018/12/02,2018/12/09,,,read,,,,1,0
1099263,"Tríada (Memorias de Idhún, #2)",Laura Gallego García,"García, Laura Gallego",,"=""8467505591""","=""9788467505597""",4,4.16,SM,Hardcover,766,2006,2006,2018/11/02,2018/11/25,,,read,,,,1,0
18778063,La verdad sobre el caso Harry Quebert,Joël Dicker,"Dicker, Joël",,"=""""","=""""",4,4.20,Alfaguara,Kindle Edition,663,2013,2012,2018/07/01,2018/08/24,,,read,,,,1,0
1099262,"La resistencia (Memorias de Idhún, #1)",Laura Gallego García,"García, Laura Gallego",,"=""846750269X""","=""9788467502695""",4,4.14,SM,Hardcover,558,2004,2004,2018/11/01,2018/10/01,,,read,,,,1,0
43615,"The Gunslinger (The Dark Tower, #1)",Stephen  King,"King, Stephen",,"=""""","=""""",4,3.91,Plume,Paperback,231,2003,1982,2018/09/01,2018/08/24,,,read,,,,1,0
30753797,The Last Night at Tremore Beach,Mikel Santiago,"Santiago, Mikel",,"=""1501102249""","=""9781501102240""",3,3.79,Atria Books,Hardcover,320,2017,2014,2018/07/01,2018/08/24,,,read,,,,1,0
15919992,El poder de los hábitos,Charles Duhigg,"Duhigg, Charles",Alicia Sánchez Millet,"=""8479538163""","=""9788479538163""",4,4.13,Urano,Paperback,381,2012,2012,2018/03/01,2018/08/24,,,read,,,,1,0
18966806,"Morning Star (Red Rising Saga, #3)",Pierce Brown,"Brown, Pierce",,"=""0345539842""","=""9780345539847""",5,4.55,Del Rey,Hardcover,524,2016,2016,2018/04/01,2018/08/24,,,read,,,,1,0
18966819,"Golden Son (Red Rising Saga, #2)",Pierce Brown,"Brown, Pierce",,"=""0345539826""","=""9780345539823""",5,4.50,Del Rey,ebook,466,2015,2015,2018/04/01,2018/08/24,,,read,,,,1,0
15839976,"Red Rising (Red Rising Saga, #1)",Pierce Brown,"Brown, Pierce",,"=""0345539788""","=""9780345539786""",5,4.27,Del Rey,Hardcover,382,2014,2014,2018/04/01,2018/08/24,,,read,,,,1,0
866618,El principito,Antoine de Saint-Exupéry,"Saint-Exupéry, Antoine de",Bonifacio del Carril,"=""""","=""""",5,4.33,Harvest Books,Paperback,87,2001,1943,2018/04/01,2018/08/24,,,read,,,,1,0
23437156,"Six of Crows (Six of Crows, #1)",Leigh Bardugo,"Bardugo, Leigh",,"=""1627792120""","=""9781627792127""",5,4.46,Henry Holt & Company,Hardcover,480,2015,2015,2018/07/01,2018/08/24,,,read,,,,1,0
33257757,"Iron Gold (Red Rising Saga, #4)",Pierce Brown,"Brown, Pierce",,"=""042528591X""","=""9780425285916""",0,4.21,Del Rey,Hardcover,602,2018,2018,,2018/08/24,to-read,to-read (#1),to-read,,,,0,0


5015,Saturday,Ian McEwan,,,="="1400076196"",,3,,,,,,2005,2026/09/12,,,,read,"A very descriptive day in the life of a neurosurgeon. I could not relate to the family because they felt implausible, but the emotions are conveyed quite well. Also, why is he hornier than a teenager?",,,,
6288,The Road,Cormac McCarthy,,,="="0307265439"",,4,,,,,,2006,2026/09/02,,,,read,Nerve-racking and atmospheric. The story feels dreadful to the point that death seems like a viable alternative.,,,,
38315,Fooled by Randomness: The Hidden Role of Chance in Life and in the Markets (Incerto),Nassim Nicholas Taleb,,,="="0812975219"",,5,,,,,,2001,2026/05/31,,,,read,A very chewable and fun introduction to uncertainty. It is anecdote-heavy.,,,,
77565,"The Fall of Hyperion (Hyperion Cantos, #2)",Dan Simmons,,,="="0553288202"",,5,,,,,,1990,2026/08/12,,,,read,"Fitting ending to the pilgrims' stories. I was not expecting the plot to go in this direction, and I liked the religious tone throughout.",,,,
25490360,The Burnout Society,Byung-Chul Han,,,="="0804795096"",,4,,,,,,2010,2026/08/16,,,,read,"Short and dense. It started as a rough read since I am not used to philosophy, but it gets smoother as you go. The main ideas about the achievement society and the source of depression are quite engaging. While not sure I entirely agree with its conclusions, it really makes you think.",,,,
77566,"Hyperion (Hyperion Cantos, #1)",Dan Simmons,,,="="0553283685"",,4,,,,,,1989,2026/07/26,,,,read,"Collection of interconnected stories from unlucky pilgrims, each written in a different style. My favourites were Weintraub's story of fatherhood and Hoyt's nightmarish tale.",,,,
223380,Stories of Your Life and Others,Ted Chiang,,,="="0330426648"",,5,,,,,,2002,2026/06/28,,,,read,"A collection of short stories with imaginative and memorable premises. My favourite was ""Story of Your Life.""",,,,
201608148,The Golden Road: How Ancient India Transformed the World,William Dalrymple,,,="="1639734147"",,3,,,,,,2024,2026/06/20,,,,read,"The references were impressively thorough, and the central idea was interesting. The reading was a bit rough at times, dry. Best suited to readers who enjoy dense, highly detailed history.<br />",,,,
54493401,Project Hail Mary,Andy Weir,,,="="0593135202"",,4,,,,,,2021,2026/04/21,,,,read,"Wholesome and plausible alien story. I loved the core idea behind the problem the characters are facing, it's imaginative and unsettling to think about if it were to happen.",,,,
49455,Notes from Underground,Fyodor Dostoevsky,,,="="067973452X"",,3,,,,,,1864,2026/04/06,,,,read,"A self-sabotaging (yet free?) man goes against what is ""rational""<br /><br />Got me thinking about my own underground tendencies, but some parts were physically painful to read.",,,,

